Date,Open,High,Low,Close,Volume,daily_return,return_5d,return_20d,ma10,ma20,ma50,ema20,ema50,volatility_20d,rsi,macd,macd_signal,bb_middle,bb_upper,bb_lower,skew_20d,kurt_20d,spy_return_1d,spy_return_5d,spy_return_20d,spy_rsi,spy_macd,spy_volatility_20d,spy_trend_strength,relative_strength_5d,relative_strength_20d,relative_strength_50d,relative_momentum_score,volume_sma_20,volume_ratio,volume_momentum,volume_trend,abnormal_volume_flag,market_regime
2026-01-01,100.09952913617613,101.09952913617613,99.09952913617613,100.09952913617613,1000.0,,,,,,,100.09952913617613,100.09952913617613,,,0.0,0.0,,,,,,0.0,0.0,0.0,0.0,0.0,0.0,0.0,0.0,0.0,0.0,0.0,0.0,0.0,0.0,0.0,0.0,0.0
2026-01-02,100.98411411042555,101.98411411042555,99.98411411042555,100.98411411042555,1000.0,0.008837054298687308,,,,,,100.18377532419989,100.13421874300944,,,0.07056518313100923,0.014113036626201848,,,,,,0.008837054298687308,0.0,0.0,0.0,0.07056518313100923,0.0,0.0,0.0,0.0,0.0,0.0,0.0,0.0,0.0,0.0,0.0,0.0
2026-01-03,103.48223576593017,104.48223576593017,102.48223576593017,103.48223576593017,1000.0,0.02473776868283406,,,,,,100.4979144138885,100.26551352822202,,,0.32432749362284596,0.07615592802553067,,,,,,0.02473776868283406,0.0,0.0,0.0,0.32432749362284596,0.0,0.0,0.0,0.0,0.0,0.0,0.0,0.0,0.0,0.0,0.0,0.0
2026-01-04,102.08249831253691,103.08249831253691,101.08249831253691,102.08249831253691,1000.0,-0.01352635496356469,,,,,,100.64882716614072,100.33676783348928,,,0.40778811104664214,0.14248236462975297,,,,,,-0.01352635496356469,0.0,0.0,0.0,0.40778811104664214,0.0,0.0,0.0,0.0,0.0,0.0,0.0,0.0,0.0,0.0,0.0,0.0
2026-01-05,101.28489942111736,102.28489942111736,100.28489942111736,101.28489942111736,1000.0,-0.007813277541245278,,,,,,100.70940547613849,100.37394946437665,,,0.40490420331903465,0.1949667323676093,,,,,,-0.007813277541245278,0.0,0.0,0.0,0.40490420331903465,0.0,0.0,0.0,0.0,0.0,0.0,0.0,0.0,0.0,0.0,0.0,0.0
2026-01-06,101.43420149657813,102.43420149657813,100.43420149657813,101.43420149657813,1000.0,0.0014740803052981644,0.013333452933492751,,,,,100.7784336685613,100.41552797544337,,,0.40994057561114516,0.2379615010163165,,,,,,0.0014740803052981644,0.013333452933492751,0.0,0.0,0.40994057561114516,0.0,0.0,0.0,0.0,0.0,0.0,0.0,0.0,0.0,0.0,0.0,0.0
2026-01-07,101.0880223027712,102.0880223027712,100.0880223027712,101.0880223027712,1000.0,-0.003412844865926301,0.00102895582400242,,,,,100.80791830039081,100.44190030200524,,,0.3815993296034321,0.2666890667337396,,,,,,-0.003412844865926301,0.00102895582400242,0.0,0.0,0.3815993296034321,0.0,0.0,0.0,0.0,0.0,0.0,0.0,0.0,0.0,0.0,0.0,0.0
2026-01-08,103.41626837869484,104.41626837869484,102.41626837869484,103.41626837869484,1000.0,0.023031868888979234,-0.0006374754734188581,,,,,101.05633259356263,100.55854218736562,,,0.540774971071599,0.32150624760131147,,,,,,0.023031868888979234,-0.0006374754734188581,0.0,0.0,0.540774971071599,0.0,0.0,0.0,0.0,0.0,0.0,0.0,0.0,0.0,0.0,0.0,0.0
2026-01-09,104.1653845393212,105.1653845393212,103.1653845393212,104.1653845393212,1000.0,0.007243697460473042,0.02040395034619258,,,,,101.35243277887297,100.69998698548152,,,0.7190811078721424,0.40102121965547766,,,,,,0.007243697460473042,0.02040395034619258,0.0,0.0,0.7190811078721424,0.0,0.0,0.0,0.0,0.0,0.0,0.0,0.0,0.0,0.0,0.0,0.0
2026-01-10,104.0387312651753,105.0387312651753,103.0387312651753,104.0387312651753,1000.0,-0.001215886397444077,0.0271889675538719,,102.20758847287269,,,101.60827072994938,100.83091813370481,,,0.8404815965119639,0.48891329502677494,,,,,,-0.001215886397444077,0.0271889675538719,0.0,0.0,0.8404815965119639,0.0,0.0,0.0,0.0,0.0,0.0,0.0,0.0,0.0,0.0,0.0,0.0
2026-01-11,101.88284248311798,102.88284248311798,100.88284248311798,101.88284248311798,1000.0,-0.020721982629357094,0.004422975484802194,,102.38591980756686,,,101.63442042072734,100.87217006897592,,,0.7540380697094236,0.5419382499633046,,,,,,-0.020721982629357094,0.004422975484802194,0.0,0.0,0.7540380697094236,0.0,0.0,0.0,0.0,0.0,0.0,0.0,0.0,0.0,0.0,0.0,0.0
2026-01-12,106.92971684871243,107.92971684871243,105.92971684871243,106.92971684871243,1000.0,0.04953605771679093,0.057788196987815565,,102.98048008139556,,,102.13873436624974,101.10972092308323,,,1.0803182978778096,0.6496142595462057,,,,,,0.04953605771679093,0.057788196987815565,0.0,0.0,1.0803182978778096,0.0,0.0,0.0,0.0,0.0,0.0,0.0,0.0,0.0,0.0,0.0,0.0
2026-01-13,102.31063378392194,103.31063378392194,101.31063378392194,102.31063378392194,1000.0,-0.04319737488247266,-0.01069110897256731,,102.86331988319473,,,102.15510573936137,101.15681554507691,,,0.9551657729224132,0.7107245622214472,,,,,,-0.04319737488247266,-0.01069110897256731,0.0,0.0,0.9551657729224132,0.0,0.0,0.0,0.0,0.0,0.0,0.0,0.0,0.0,0.0,0.0,0.0
2026-01-14,106.71992082267944,107.71992082267944,105.71992082267944,106.71992082267944,1000.0,0.04309705526866181,0.024523850170148798,,103.32706213420897,,,102.5898500330107,101.37497653635543,,62.97572915340775,1.197964717739481,0.808172593325054,,,,,,0.04309705526866181,0.024523850170148798,0.0,62.97572915340775,1.197964717739481,0.0,0.0,0.0,0.0,0.0,0.0,0.0,0.0,0.0,0.0,0.0,0.0
2026-01-15,104.86800860937176,105.86800860937176,103.86800860937176,104.86800860937176,1000.0,-0.01735301337399542,0.007970852144311369,,103.68537305303441,,,102.80681751647366,101.51195818627765,,58.71350316240973,1.2268089028708857,0.8918998552342203,,,,,,-0.01735301337399542,0.007970852144311369,0.0,58.71350316240973,1.2268089028708857,0.0,0.0,0.0,0.0,0.0,0.0,0.0,0.0,0.0,0.0,0.0,0.0
2026-01-16,107.12951853400591,108.12951853400591,106.12951853400591,107.12951853400591,1000.0,0.021565298651356812,0.051497150285704896,,104.25490475677721,,,103.21850332766721,101.7322546705023,,60.69156079967765,1.4158322452908436,0.9966863332455451,,,,,,0.021565298651356812,0.051497150285704896,0.0,60.69156079967765,1.4158322452908436,0.0,0.0,0.0,0.0,0.0,0.0,0.0,0.0,0.0,0.0,0.0,0.0
2026-01-17,106.25105052094824,107.25105052094824,105.25105052094824,106.25105052094824,1000.0,-0.008200055643662996,-0.0063468448974235425,,104.77120757859491,,,103.50731734607493,101.90946235091195,,55.104773944572024,1.4777153957715115,1.0928921457507383,,,,,,-0.008200055643662996,-0.0063468448974235425,0.0,55.104773944572024,1.4777153957715115,0.0,0.0,0.0,0.0,0.0,0.0,0.0,0.0,0.0,0.0,0.0,0.0
2026-01-18,107.4674266845735,108.4674266845735,106.4674266845735,107.4674266845735,1000.0,0.01144813305526271,0.05040329347917627,,105.17632340918276,,,103.88447061640812,102.12742173654574,,59.9955994791029,1.6063921404455783,1.1955921446897064,,,,,,0.01144813305526271,0.05040329347917627,0.0,59.9955994791029,1.6063921404455783,0.0,0.0,0.0,0.0,0.0,0.0,0.0,0.0,0.0,0.0,0.0,0.0
2026-01-19,107.62250505085223,108.62250505085223,106.62250505085223,107.62250505085223,1000.0,0.0014430267017921938,0.008457504664686422,,105.52203546033589,,,104.24047389587899,102.34291519985189,,62.05144083722726,1.701271714460944,1.296728058643954,,,,,,0.0014430267017921938,0.008457504664686422,0.0,62.05144083722726,1.701271714460944,0.0,0.0,0.0,0.0,0.0,0.0,0.0,0.0,0.0,0.0,0.0,0.0
2026-01-20,109.7628847708924,110.7628847708924,108.7628847708924,109.7628847708924,1000.0,0.019887845195842857,0.04667654346096928,,106.09445081090757,104.15101964189014,,104.76641778873741,102.63389439871622,,64.72276443256234,1.9269623929723565,1.4227749255096347,104.15101964189014,109.73088581588397,98.57115346789632,,,0.019887845195842857,0.04667654346096928,0.0,64.72276443256234,1.9269623929723565,0.0,0.0,0.0,0.0,0.0,0.0,1000.0,0.999999999999,0.0,0.0,0.0,0.0
2026-01-21,109.43205278403019,110.43205278403019,108.43205278403019,109.43205278403019,1000.0,-0.0030140606048461027,0.021492995409042148,0.09323244303335354,106.84937184099881,104.61764582428282,,105.2107639787653,102.90048884519912,0.021848410774964962,64.75790146897745,2.0554347331051446,1.5493068870287368,104.61764582428282,110.33024946732897,98.90504218123667,0.11990324987144842,0.49190287835464835,-0.0030140606048461027,0.021492995409042148,0.09323244303335354,64.75790146897745,2.0554347331051446,0.021848410774964962,0.0,0.0,0.0,0.0,0.0,1000.0,0.999999999999,0.0,0.0,0.0,0.0
2026-01-22,107.54262175758312,108.54262175758312,106.54262175758312,107.54262175758312,1000.0,-0.017265791679664133,0.012155844392147896,0.0649459343673191,106.91066233188587,104.94557120664072,,105.43284567198604,103.08253327313575,0.022361411299187246,57.41326157365555,1.981942100237859,1.6358339296705613,104.94557120664072,110.53151168126982,99.35963073201162,0.2508794571146746,0.24588606697441978,-0.017265791679664133,0.012155844392147896,0.0649459343673191,57.41326157365555,1.981942100237859,0.022361411299187246,0.0,0.0,0.0,0.0,0.0,1000.0,0.999999999999,0.0,0.0,0.0,0.0
2026-01-23,110.03967087804496,111.03967087804496,109.03967087804496,110.03967087804496,1000.0,0.023219157945493896,0.023935105481042385,0.06336773711525967,107.68356604129818,105.27344296224643,,105.87159092970595,103.35536219881847,0.022287553858876343,59.92988515806652,2.10097096899419,1.7288613375352873,105.27344296224643,111.25361150892337,99.2932744155695,0.2545299528799547,0.2849502583801302,0.023219157945493896,0.023935105481042385,0.06336773711525967,59.92988515806652,2.10097096899419,0.022287553858876343,0.0,0.0,0.0,0.0,0.0,1000.0,0.999999999999,0.0,0.0,0.0,0.0
2026-01-24,108.61196175360983,109.61196175360983,107.61196175360983,108.61196175360983,1000.0,-0.012974494680354276,0.009193771342620893,0.06396261405243275,107.8727701343912,105.59991613430009,,106.1325786272206,103.56150335782989,0.022265942086158255,57.404871122775695,2.056393189928187,1.7943677080138674,105.59991613430009,111.55948801212408,99.6403442564761,0.2535469212831847,0.29530588927062223,-0.012974494680354276,0.009193771342620893,0.06396261405243275,57.404871122775695,2.056393189928187,0.022265942086158255,0.0,0.0,0.0,0.0,0.0,1000.0,0.999999999999,0.0,0.0,0.0,0.0
2026-01-25,110.37276050206437,111.37276050206437,109.37276050206437,110.37276050206437,1000.0,0.01621183081518196,0.005556301954389831,0.0897257254821564,108.42324532366047,106.05430918834745,,106.53640547244382,103.82861148113321,0.022280689896544366,63.92484303462464,2.138495477546016,1.8631932619202973,106.05430918834745,112.01443235495783,100.09418602173706,0.09175675909065761,0.2402843535964615,0.01621183081518196,0.005556301954389831,0.0897257254821564,63.92484303462464,2.138495477546016,0.022280689896544366,0.0,0.0,0.0,0.0,0.0,1000.0,0.999999999999,0.0,0.0,0.0,0.0
2026-01-26,110.08954247204622,111.08954247204622,109.08954247204622,110.08954247204622,1000.0,-0.00256601383103805,0.0060082002602437345,0.08532961119391347,108.71924771746451,106.48707623712085,,106.87479947240595,104.07413818665921,0.022328214606926633,56.14246982040179,2.155857421546628,1.9217260938455634,106.48707623712085,112.28955374728442,100.68459872695728,0.11959611691507854,0.21359658577129714,-0.00256601383103805,0.0060082002602437345,0.08532961119391347,56.14246982040179,2.155857421546628,0.022328214606926633,0.0,0.0,0.0,0.0,0.0,1000.0,0.999999999999,0.0,0.0,0.0,0.0
2026-01-27,112.34158281923266,113.34158281923266,111.34158281923266,112.34158281923266,1000.0,0.02045644206177233,0.044623805735990896,0.11132437117778049,109.32830094729295,107.04975426294394,,107.39544550543707,104.3983517016621,0.022529127068806856,71.4757866632321,2.3245418507067512,2.002289245217801,107.04975426294394,112.83030008828953,101.26920843759834,-0.03653286075718944,0.08586335611476197,0.02045644206177233,0.044623805735990896,0.11132437117778049,71.4757866632321,2.3245418507067512,0.022529127068806856,0.0,0.0,0.0,0.0,0.0,1000.0,0.999999999999,0.0,0.0,0.0,0.0
2026-01-28,113.15784163322812,114.15784163322812,112.15784163322812,113.15784163322812,1000.0,0.007265865350222889,0.028336787363159033,0.09419768675911899,109.8973424421584,107.5368329256706,,107.94424513665525,104.74186111074312,0.02215731942158251,66.2894102621924,2.4953261738066885,2.1008966309355785,107.5368329256706,113.65980901428337,101.41385683705782,0.0514561755860992,0.30588774356724246,0.007265865350222889,0.028336787363159033,0.09419768675911899,66.2894102621924,2.4953261738066885,0.02215731942158251,0.0,0.0,0.0,0.0,0.0,1000.0,0.999999999999,0.0,0.0,0.0,0.0
2026-01-29,111.2300681679978,112.2300681679978,110.2300681679978,111.2300681679978,1000.0,-0.017036145594564234,0.024105138808994564,0.06782179761463625,110.25809875387297,107.89006710710441,,108.25718066344979,104.99630060318448,0.022672270751183294,66.03590332031459,2.446912290988479,2.1700997629461587,107.89006710710441,114.00922264667415,101.77091156753468,0.17477507750268448,0.05239977322773983,-0.017036145594564234,0.024105138808994564,0.06782179761463625,66.03590332031459,2.446912290988479,0.022672270751183294,0.0,0.0,0.0,0.0,0.0,1000.0,0.999999999999,0.0,0.0,0.0,0.0
2026-01-30,111.23046278462662,112.23046278462662,110.23046278462662,111.23046278462662,1000.0,3.5477513888881873e-06,0.007770959779031861,0.06912552115923964,110.40485655524637,108.24965368307699,,108.54035038927616,105.24077755147633,0.02266047469687657,61.666446117442625,2.3811276252524323,2.2123053354074136,108.24965368307699,114.26014822198336,102.23915914417061,0.16639596905155757,0.057515738623804616,3.5477513888881873e-06,0.007770959779031861,0.06912552115923964,61.666446117442625,2.3811276252524323,0.02266047469687657,0.0,0.0,0.0,0.0,0.0,1000.0,0.999999999999,0.0,0.0,0.0,0.0
2026-01-31,113.78331861918066,114.78331861918066,112.78331861918066,113.78331861918066,1000.0,0.022951049295705017,0.03355247069059586,0.11680549782496108,110.83998313876143,108.84467748988013,,109.03968069688611,105.57577916197454,0.022295660344365108,69.56413411978997,2.5060981944521075,2.2710639072163525,108.84467748988013,114.5497593983553,103.13959558140495,-0.038750980762073735,0.17732444448667484,0.022951049295705017,0.03355247069059586,0.11680549782496108,69.56413411978997,2.5060981944521075,0.022295660344365108,0.0,0.0,0.0,0.0,0.0,1000.0,0.999999999999,0.0,0.0,0.0,0.0
2026-02-01,112.79439611567715,113.79439611567715,111.79439611567715,112.79439611567715,1000.0,-0.008691278436106509,0.004030682896582594,0.0548461123792392,111.36516057457084,109.13791145322837,,109.39727264153288,105.85886217976679,0.019959734246204716,64.00158162279016,2.496561680645854,2.316163461902253,109.13791145322837,115.02842635944978,103.24739654700696,-0.20279489624043875,0.27563072631124486,-0.008691278436106509,0.004030682896582594,0.0548461123792392,64.00158162279016,2.496561680645854,0.019959734246204716,0.0,0.0,0.0,0.0,0.0,1000.0,0.999999999999,0.0,0.0,0.0,0.0
2026-02-02,113.91866207745274,114.91866207745274,112.91866207745274,113.91866207745274,1000.0,0.009967392002547593,0.006723532662372911,0.11345866860767106,111.75305969451162,109.71831286790488,,109.82788115923952,106.17493276398977,0.01679139219641667,65.74674688430274,2.5503242416441907,2.3629956178506406,109.71831286790488,115.03606522157385,104.40056051423592,0.3384953159812392,-0.48256415412457526,0.009967392002547593,0.006723532662372911,0.11345866860767106,65.74674688430274,2.5503242416441907,0.01679139219641667,0.0,0.0,0.0,0.0,0.0,1000.0,0.999999999999,0.0,0.0,0.0,0.0
2026-02-03,115.76708237289043,116.76708237289043,114.76708237289043,115.76708237289043,1000.0,0.016225790065730994,0.04078945809904644,0.08477481505297679,112.46857175643967,110.17067094541544,,110.39351937006342,106.5510954937506,0.01455223663397543,65.2391034652125,2.7108347133827095,2.4325634369570546,110.17067094541544,115.93494437866126,104.40639751216962,-0.1548478601093352,-1.4520879505668682,0.016225790065730994,0.04078945809904644,0.08477481505297679,65.2391034652125,2.7108347133827095,0.01455223663397543,0.0,0.0,0.0,0.0,0.0,1000.0,0.999999999999,0.0,0.0,0.0,0.0
2026-02-04,114.6175257514987,115.6175257514987,113.6175257514987,114.6175257514987,1000.0,-0.009929909243881263,0.03045085745467402,0.09296941242055445,112.8930482813831,110.65814680252178,,110.79580569210486,106.86742609209365,0.014060562914102338,62.635971912161544,2.713995555193506,2.488849860604345,110.65814680252178,116.17808510507307,105.1382084999705,-0.10877773163453927,-1.4599857896013082,-0.009929909243881263,0.03045085745467402,0.09296941242055445,62.635971912161544,2.713995555193506,0.014060562914102338,0.0,0.0,0.0,0.0,0.0,1000.0,0.999999999999,0.0,0.0,0.0,0.0
2026-02-05,116.45652195434864,117.45652195434864,115.45652195434864,116.45652195434864,1000.0,0.01604463358279995,0.0234938070677555,0.08706287070059116,113.52974622961335,111.12449697353892,,111.33492152660428,107.24346906708405,0.01375988374872223,71.77493424807136,2.832243825726252,2.5575286536287267,111.12449697353892,116.95637762908754,105.29261631799031,-0.12569334076418445,-1.4217563469616004,0.01604463358279995,0.0234938070677555,0.08706287070059116,71.77493424807136,2.832243825726252,0.01375988374872223,0.0,0.0,0.0,0.0,0.0,1000.0,0.999999999999,0.0,0.0,0.0,0.0
2026-02-06,114.1997560128725,115.1997560128725,113.1997560128725,114.1997560128725,1000.0,-0.01937861361135962,0.012459483321796139,0.0748106061347329,113.71556354897734,111.52193224813516,,111.60776290624887,107.51626463358556,0.01450029535808497,60.28299868877526,2.712585286501948,2.588539980203371,111.52193224813516,117.02980400810956,106.01406048816075,-0.19539435147719064,-1.3999430595724454,-0.01937861361135962,0.012459483321796139,0.0748106061347329,60.28299868877526,2.712585286501948,0.01450029535808497,0.0,0.0,0.0,0.0,0.0,1000.0,0.999999999999,0.0,0.0,0.0,0.0
2026-02-07,116.55382684374148,117.55382684374148,115.55382684374148,116.55382684374148,1000.0,0.02061362399586586,0.02313198485861001,0.08455027201718868,114.05516207002867,111.97625225609355,,112.0788166145815,107.87067883790542,0.014897021136664674,68.77124443877841,2.7757121920052015,2.625974422563737,111.97625225609355,117.57422008763741,106.37828442454968,-0.20557284995368744,-1.4810240063218234,0.02061362399586586,0.02313198485861001,0.08455027201718868,68.77124443877841,2.7757121920052015,0.014897021136664674,0.0,0.0,0.0,0.0,0.0,1000.0,0.999999999999,0.0,0.0,0.0,0.0
2026-02-08,116.01176374751624,117.01176374751624,115.01176374751624,116.01176374751624,1000.0,-0.004650753312046563,0.002113566046673565,0.07795078448229797,114.53333162798052,112.39571519092674,,112.45338300819432,108.18993706965486,0.015017598080769039,64.14304686852861,2.750297045427047,2.650838947136399,112.39571519092674,117.87607559879334,106.91535478306014,-0.1445278161685097,-1.55568674988874,-0.004650753312046563,0.002113566046673565,0.07795078448229797,64.14304686852861,2.750297045427047,0.015017598080769039,0.0,0.0,0.0,0.0,0.0,1000.0,0.999999999999,0.0,0.0,0.0,0.0
2026-02-09,118.15091722942455,119.15091722942455,117.15091722942455,118.15091722942455,1000.0,0.01843910835252771,0.03082767190060065,0.0764195700216923,115.2253770724603,112.81511681385334,,112.99600531497815,108.58056374258702,0.014939546118451772,68.4965713144668,2.8696871992809747,2.6946085975653142,112.81511681385334,118.71490741687312,106.91532621083356,-0.14849140740550817,-1.5478053758614845,0.01843910835252771,0.03082767190060065,0.0764195700216923,68.4965713144668,2.8696871992809747,0.014939546118451772,0.0,0.0,0.0,0.0,0.0,1000.0,0.999999999999,0.0,0.0,0.0,0.0
2026-02-10,116.12827564093722,117.12827564093722,115.12827564093722,116.12827564093722,1000.0,-0.017119135728415724,-0.0028186168357329233,0.06119069035579883,115.45987277463595,113.1499279566987,,113.2943167745933,108.87655244448311,0.015596370491675959,58.78088384594062,2.7691731794378427,2.70952151393982,113.1499279566987,119.00116611021737,107.29868980318004,-0.11580823685594818,-1.6744486497903057,-0.017119135728415724,-0.0028186168357329233,0.06119069035579883,58.78088384594062,2.7691731794378427,0.015596370491675959,0.0,0.0,0.0,0.0,0.0,1000.0,0.999999999999,0.0,0.0,0.0,0.0
2026-02-11,117.8847960604596,118.8847960604596,116.8847960604596,117.8847960604596,1000.0,0.015125691050071666,0.03226837058366172,0.09616814369831217,115.96891276911421,113.66703667184251,,113.73150527800914,109.2298169000116,0.015043397282249035,60.50322238886645,2.7989866369079692,2.7274145385334503,113.66703667184251,119.25376450328623,108.08030884039879,-0.3145543308318434,-1.5256308793866333,0.015125691050071666,0.03226837058366172,0.09616814369831217,60.50322238886645,2.7989866369079692,0.015043397282249035,0.0,0.0,0.0,0.0,0.0,1000.0,0.999999999999,0.0,0.0,0.0,0.0
2026-02-12,115.85649543826621,116.85649543826621,114.85649543826621,115.85649543826621,1000.0,-0.01720578641161785,-0.005982912997015144,0.05286115919655865,116.16269610519555,113.95787789985359,,113.93388529327171,109.48968664660983,0.015140893391820873,60.23413260874753,2.6286457162106416,2.7076607740688887,113.95787789985359,119.351810788555,108.56394501115217,-0.14491993206431425,-1.6641431570894347,-0.01720578641161785,-0.005982912997015144,0.05286115919655865,60.23413260874753,2.6286457162106416,0.015140893391820873,0.0,0.0,0.0,0.0,0.0,1000.0,0.999999999999,0.0,0.0,0.0,0.0
2026-02-13,117.94447029359804,118.94447029359804,116.94447029359804,117.94447029359804,1000.0,0.018022078498347138,0.016659573853976317,0.08592523686441966,116.38043489726631,114.424503326853,,114.31584576949327,109.82124678962899,0.015039403386935343,63.59633309626534,2.631793750092939,2.692487369273699,114.424503326853,119.4749487626717,109.3740578910343,-0.3646196709055989,-1.5218614475323429,0.018022078498347138,0.016659573853976317,0.08592523686441966,63.59633309626534,2.631793750092939,0.015039403386935343,0.0,0.0,0.0,0.0,0.0,1000.0,0.999999999999,0.0,0.0,0.0,0.0
2026-02-14,117.64238159820474,118.64238159820474,116.64238159820474,117.64238159820474,1000.0,-0.002561279003935657,-0.004304119198942358,0.06586426816790913,116.68292048193692,114.78798438166002,,114.63265870556103,110.12795795859275,0.014837196589723073,58.59872434045596,2.580169963330107,2.6700238880849807,114.78798438166002,119.6536318872867,109.92233687603334,-0.20492280084120965,-1.5341226192590176,-0.002561279003935657,-0.004304119198942358,0.06586426816790913,58.59872434045596,2.580169963330107,0.014837196589723073,0.0,0.0,0.0,0.0,0.0,1000.0,0.999999999999,0.0,0.0,0.0,0.0
2026-02-15,119.46174674210246,120.46174674210246,118.46174674210246,119.46174674210246,1000.0,0.015465218564782113,0.028705077060406703,0.08513255718576551,116.9834429607123,115.25659459516282,,115.0925718518983,110.4939888912794,0.01500890004258053,64.32595178041362,2.6554548716379145,2.6671100847955675,115.25659459516282,120.0211740908889,110.49201509943674,-0.3638134903340668,-1.5165578483001974,0.015465218564782113,0.028705077060406703,0.08513255718576551,64.32595178041362,2.6554548716379145,0.01500890004258053,0.0,0.0,0.0,0.0,0.0,1000.0,0.999999999999,0.0,0.0,0.0,0.0
2026-02-16,121.13661209019406,122.13661209019406,120.13661209019406,121.13661209019406,1000.0,0.014020097594147352,0.027584694026757228,0.07828827981810949,117.67712856844446,115.6963460587109,,115.668194731736,110.91134666378586,0.01470798290855549,65.15053042367614,2.8177846723349376,2.6972450023034416,115.6963460587109,120.92864392378141,110.4640481936404,-0.37520998399498195,-1.483834980005708,0.014020097594147352,0.027584694026757228,0.07828827981810949,65.15053042367614,2.8177846723349376,0.01470798290855549,0.0,0.0,0.0,0.0,0.0,1000.0,0.999999999999,0.0,0.0,0.0,0.0
2026-02-17,120.75677255632313,121.75677255632313,119.75677255632313,120.75677255632313,1000.0,-0.003135629495631953,0.04229609310656235,0.06715337455556081,118.09742313970261,116.07629260486564,,116.15282119122048,111.29744179682655,0.014765689104838768,61.16151795949034,2.8825540442835234,2.734306810699458,116.07629260486564,121.62639347768518,110.5261917320461,-0.2603454770184305,-1.5678280332000898,-0.003135629495631953,0.04229609310656235,0.06715337455556081,61.16151795949034,2.8825540442835234,0.014765689104838768,0.0,0.0,0.0,0.0,0.0,1000.0,0.999999999999,0.0,0.0,0.0,0.0
2026-02-18,120.28895730988032,121.28895730988032,119.28895730988032,120.28895730988032,1000.0,-0.003874029063045792,0.01987788838634108,0.08144280850570285,118.52514249593904,116.52923706195978,,116.54673891680713,111.65005024831885,0.014086559770497891,63.08562734083234,2.8631310648200667,2.76007166152358,116.52923706195978,121.88941523197337,111.16905889194618,-0.2861333257636807,-1.423586367952683,-0.003874029063045792,0.01987788838634108,0.08144280850570285,63.08562734083234,2.8631310648200667,0.014086559770497891,0.0,0.0,0.0,0.0,0.0,1000.0,0.999999999999,0.0,0.0,0.0,0.0
2026-02-19,121.41961283737355,122.41961283737355,120.41961283737355,121.41961283737355,1000.0,0.009399495621036147,0.03210774202165978,0.09160395270921406,118.85201205673393,117.03869456459714,110.55685699364417,117.01082214733725,112.03317034985041,0.014102349775744606,61.83823675108469,2.9054800994584866,2.789153349110561,117.03869456459714,122.21195577791185,111.86543335128242,-0.39166143774720275,-1.3766567221754737,0.009399495621036147,0.03210774202165978,0.09160395270921406,61.83823675108469,2.9054800994584866,0.014102349775744606,0.0982549263701989,0.0,0.0,0.0,0.0,1000.0,0.999999999999,0.0,0.0,0.0,0.0
2026-02-20,121.66673989493012,122.66673989493012,120.66673989493012,121.66673989493012,1000.0,0.00203531416203373,0.018457734069365905,0.06928450823388554,119.40585848213323,117.43286562838459,110.98820120881926,117.45424288520324,112.41095739083394,0.013420016023142856,69.69922483056177,2.9252624975761847,2.816375178803686,117.43286562838459,122.76077455944028,112.1049566973289,-0.34686094104625803,-1.3445854252000722,0.00203531416203373,0.018457734069365905,0.06928450823388554,69.69922483056177,2.9252624975761847,0.013420016023142856,0.09621327825579816,0.0,0.0,0.0,0.0,1000.0,0.999999999999,0.0,0.0,0.0,0.0
2026-02-21,121.96168828146183,122.96168828146183,120.96168828146183,121.96168828146183,1000.0,0.00242423185487195,0.006811121567882772,0.08127435831460184,119.81354770423346,117.89123023667382,111.40775269224,117.88352339913263,112.78549585713307,0.01311791170016661,66.0058796426913,2.9309538489008418,2.839290912823117,117.89123023667382,123.1152494075457,112.66721106580194,-0.4664645922426049,-1.1053050510961682,0.00242423185487195,0.006811121567882772,0.08127435831460184,66.0058796426913,2.9309538489008418,0.01311791170016661,0.09473250589913594,0.0,0.0,0.0,0.0,1000.0,0.999999999999,0.0,0.0,0.0,0.0
2026-02-22,119.09211564389956,120.09211564389956,118.09211564389956,119.09211564389956,1000.0,-0.023528475851694486,-0.013785205394149957,0.045413573791179385,120.13710972479677,118.14990291499616,111.71995028979939,117.99862742244378,113.03281428014353,0.014391844153284629,58.01304028754676,2.673099924020292,2.8060527150625525,118.14990291499616,123.04784844144308,113.25195738854924,-0.37676468602791785,-1.2233187320915124,-0.023528475851694486,-0.013785205394149957,0.045413573791179385,58.01304028754676,2.673099924020292,0.014391844153284629,0.06598790399486335,0.0,0.0,0.0,0.0,1000.0,0.999999999999,0.0,0.0,0.0,0.0
2026-02-23,122.36586100453408,123.36586100453408,121.36586100453408,122.36586100453408,1000.0,0.027489186357419593,0.017265954756789492,0.057000474542398205,120.57924879589038,118.47984184657835,112.12561754363932,118.4145544302619,113.39881611247257,0.015164217666418732,60.353349102941586,2.701768417067413,2.7851958554635248,118.47984184657835,123.58651774986177,113.37316594329494,-0.22366681455996615,-1.1335844961282437,0.027489186357419593,0.017265954756789492,0.057000474542398205,60.353349102941586,2.701768417067413,0.015164217666418732,0.09132831270086808,0.0,0.0,0.0,0.0,1000.0,0.999999999999,0.0,0.0,0.0,0.0
2026-02-24,122.98474690718183,123.98474690718183,121.98474690718183,122.98474690718183,1000.0,0.00505766802576435,0.012890290400650262,0.07300123694716665,121.1134853267881,118.8982029043625,112.5596144933606,118.84981085663523,113.77473496716706,0.014864990762581737,68.08932584764254,2.74280991904412,2.776718668179644,118.8982029043625,124.04340657183496,113.75299923689005,-0.3679903283152376,-0.9030969854665235,0.00505766802576435,0.012890290400650262,0.07300123694716665,68.08932584764254,2.74280991904412,0.014864990762581737,0.0926187643823491,0.0,0.0,0.0,0.0,1000.0,0.999999999999,0.0,0.0,0.0,0.0
2026-02-25,123.29916277137673,124.29916277137673,122.29916277137673,123.29916277137673,1000.0,0.0025565435722869623,0.013417166251486146,0.05875704256143277,121.49722692971552,119.2403349452139,112.99691371885658,119.27355865803918,114.14824193988117,0.014575457531370406,65.4611374227799,2.768789456265978,2.775132825796911,119.2403349452139,124.60715070064994,113.87351918977787,-0.2721333137678238,-0.8051354627242889,0.0025565435722869623,0.013417166251486146,0.05875704256143277,65.4611374227799,2.768789456265978,0.014575457531370406,0.09117283572949278,0.0,0.0,0.0,0.0,1000.0,0.999999999999,0.0,0.0,0.0,0.0
2026-02-26,124.49028802360701,125.49028802360701,123.49028802360701,124.49028802360701,1000.0,0.009660448825908663,0.02073273810632803,0.09010992991591471,121.83259452305681,119.75486154575063,113.46495903327327,119.7703900261885,114.5538123745371,0.013650082114709309,75.8924321492191,2.8526091769878974,2.790628096035108,119.75486154575063,125.05972917790548,114.44999391359578,-0.424069819414083,-0.369284376733671,0.009660448825908663,0.02073273810632803,0.09010992991591471,75.8924321492191,2.8526091769878974,0.013650082114709309,0.09716946169260429,0.0,0.0,0.0,0.0,1000.0,0.999999999999,0.0,0.0,0.0,0.0
2026-02-27,124.97227473467794,125.97227473467794,123.97227473467794,124.97227473467794,1000.0,0.0038716812268884127,0.04937488144354396,0.07222798357554328,122.2541447408923,120.17578394029746,113.89607916039294,120.2658076174732,114.96237952591518,0.013106736113749774,73.32271583384411,2.924220614026538,2.817346599633394,120.17578394029746,125.74078664613036,114.61078123446457,-0.37629768129187435,-0.13109060708898423,0.0038716812268884127,0.04937488144354396,0.07222798357554328,73.32271583384411,2.924220614026538,0.013106736113749774,0.09724826048304798,0.0,0.0,0.0,0.0,1000.0,0.999999999999,0.0,0.0,0.0,0.0
2026-02-28,123.08339858319196,124.08339858319196,122.08339858319196,123.08339858319196,1000.0,-0.015114361609374183,0.00586387063162408,0.0609561876075444,122.53358886822348,120.52936568208125,114.27443944127037,120.53414961420832,115.28085086149467,0.013649928192056437,66.33622692516954,2.796322410288411,2.8131417617643977,120.52936568208125,125.87467783551621,115.18405352864629,-0.3426099734845308,-0.4747108276534376,-0.015114361609374183,0.00586387063162408,0.0609561876075444,66.33622692516954,2.796322410288411,0.013649928192056437,0.07708599740164761,0.0,0.0,0.0,0.0,1000.0,0.999999999999,0.0,0.0,0.0,0.0
2026-03-01,125.11395284457028,126.11395284457028,124.11395284457028,125.11395284457028,1000.0,0.01649738538870338,0.017312764313735407,0.058933402959749914,122.90302286894311,120.87751746283853,114.69594387285827,120.97032135043327,115.66646270396822,0.013541193888446842,66.75779051111593,2.8262318793751717,2.8157597852865526,120.87751746283853,126.47179929424095,115.2832356314361,-0.3555890581125341,-0.43833972504970214,0.01649738538870338,0.017312764313735407,0.058933402959749914,66.75779051111593,2.8262318793751717,0.013541193888446842,0.09083153788916598,0.0,0.0,0.0,0.0,1000.0,0.999999999999,0.0,0.0,0.0,0.0
2026-03-02,125.54486538603548,126.54486538603548,124.54486538603548,125.54486538603548,1000.0,0.003444160556580922,0.018213445770290937,0.08108782889546973,123.29083541805366,121.34834695009344,115.16918433091661,121.40599221096682,116.05385104444144,0.012690793770064348,64.11051004660455,2.8518322430286958,2.8229742768349815,121.34834695009344,126.84382220611627,115.85287169407061,-0.4712216570484739,0.1624921037086159,0.003444160556580922,0.018213445770290937,0.08108782889546973,64.11051004660455,2.8518322430286958,0.012690793770064348,0.09009077484838522,0.0,0.0,0.0,0.0,1000.0,0.999999999999,0.0,0.0,0.0,0.0
2026-03-03,123.30758646254185,124.30758646254185,122.30758646254185,123.30758646254185,1000.0,-0.01782055296817009,-0.00950035203421562,0.04600076161900524,123.42542523616166,121.61948647019756,115.49674172319321,121.58709642540254,116.33831125691597,0.013292255678572616,57.29725515031662,2.6609176025010015,2.7905629419681857,121.61948647019756,126.92734125126378,116.31163168913133,-0.2873150014697222,-0.27889410285086874,-0.01782055296817009,-0.00950035203421562,0.04600076161900524,57.29725515031662,2.6609176025010015,0.013292255678572616,0.06762826918529853,0.0,0.0,0.0,0.0,1000.0,0.999999999999,0.0,0.0,0.0,0.0
2026-03-04,127.33810176824716,128.33810176824716,126.33810176824716,127.33810176824716,1000.0,0.03268667744891496,0.018930815163539227,0.09910196477588862,124.25002384859643,122.1935667866966,115.99729108287971,122.13481121995918,116.76967559069367,0.014089748624316703,66.75129150006069,2.8025393461039414,2.7929582227953373,122.1935667866966,127.35868078426363,117.02845278912959,-0.0973329158621782,0.15714863922040628,0.03268667744891496,0.018930815163539227,0.09910196477588862,66.75129150006069,2.8025393461039414,0.014089748624316703,0.09776789250334045,0.0,0.0,0.0,0.0,1000.0,0.999999999999,0.0,0.0,0.0,0.0
2026-03-05,125.02592778617473,126.02592778617473,124.02592778617473,125.02592778617473,1000.0,-0.01815775443457246,0.015782219416616172,0.06004060618483331,124.5160305267605,122.54763966132543,116.36341122214962,122.41015565483684,117.0934501865949,0.01461945573434698,58.11424653057835,2.6971118549596724,2.7737889492282046,122.54763966132543,127.45053908707004,117.64474023558083,0.05722946025748909,-0.04790293979001148,-0.01815775443457246,0.015782219416616172,0.06004060618483331,58.11424653057835,2.6971118549596724,0.01461945573434698,0.07444364575573537,0.0,0.0,0.0,0.0,1000.0,0.999999999999,0.0,0.0,0.0,0.0
2026-03-06,125.53576066112133,126.53576066112133,124.53576066112133,125.53576066112133,1000.0,0.004077817169399811,0.0033713890973861016,0.06709638954671626,124.77113190215444,122.94230861447127,116.77676626318461,122.70783232210204,117.42452118559592,0.014561295154616998,58.60362687970943,2.6244460800707685,2.7439203753967174,122.94230861447127,127.43638768978705,118.44822953915549,-0.014769229639648742,0.00403724002070825,0.004077817169399811,0.0033713890973861016,0.06709638954671626,58.60362687970943,2.6244460800707685,0.014561295154616998,0.07500631057141285,0.0,0.0,0.0,0.0,1000.0,0.999999999999,0.0,0.0,0.0,0.0
2026-03-07,127.5146996657421,128.5146996657421,126.5146996657421,127.5146996657421,1000.0,0.015763946418127395,0.015690281507328985,0.06741030617126831,125.192685591591,123.34495626065328,117.18446988581934,123.16562921197252,117.82021445932715,0.014574520758077154,61.48796790223703,2.695470067861791,2.734230313889732,123.34495626065328,127.96720209052734,118.72271043077922,-0.015599793905369596,-0.005208708277575401,0.015763946418127395,0.015690281507328985,0.06741030617126831,61.48796790223703,2.695470067861791,0.014574520758077154,0.08815357350594358,0.0,0.0,0.0,0.0,1000.0,0.999999999999,0.0,0.0,0.0,0.0
2026-03-08,125.3931557154978,126.3931557154978,124.3931557154978,125.3931557154978,1000.0,-0.016637642215411752,0.016913551816128525,0.03513837436806022,125.28297236078006,123.55778344191842,117.56731198971032,123.37777459326064,118.11719254780444,0.01500116010592883,63.45181163143555,2.551158061492117,2.6976158634102094,123.55778344191842,128.14373274457188,118.97183413926496,0.16792013090707875,-0.1816610480829637,-0.016637642215411752,0.016913551816128525,0.03513837436806022,63.45181163143555,2.551158061492117,0.01500116010592883,0.06656479248590666,0.0,0.0,0.0,0.0,1000.0,0.999999999999,0.0,0.0,0.0,0.0
2026-03-09,126.6860887325906,127.6860887325906,125.6860887325906,126.6860887325906,1000.0,0.010311033403021863,-0.005120329474073704,0.04910131374620774,125.45435376057132,123.8542492507318,117.95168523067066,123.69285213033967,118.45322769230586,0.015067849814967482,60.07517024762377,2.5121600286743586,2.6605246964630394,123.8542492507318,128.4443923462063,119.2641061552573,0.029371138062365996,-0.2572082187811696,0.010311033403021863,-0.005120329474073704,0.04910131374620774,60.07517024762377,2.5121600286743586,0.015067849814967482,0.07405068850660819,0.0,0.0,0.0,0.0,1000.0,0.999999999999,0.0,0.0,0.0,0.0
2026-03-10,129.82152014124085,130.82152014124085,128.82152014124085,129.82152014124085,1000.0,0.024749610947959244,0.038356782788828925,0.07924719811813974,126.1281659163762,124.33087739229984,118.39566553247843,124.27653479804455,118.89904308246018,0.015772735460960925,64.26912888534184,2.7030972944938014,2.669039216069192,124.33087739229984,129.32420435674794,119.33755042785172,-0.10985817377469875,-0.5406342269039733,0.024749610947959244,0.038356782788828925,0.07924719811813974,64.26912888534184,2.7030972944938014,0.015772735460960925,0.09650568335655466,0.0,0.0,0.0,0.0,1000.0,0.999999999999,0.0,0.0,0.0,0.0
2026-03-11,130.2945614624422,131.2945614624422,129.2945614624422,130.2945614624422,1000.0,0.003643782022323405,0.037907929790357286,0.07309320477702008,126.64622677816342,124.77462482355327,118.80629906630944,124.84968019465386,119.34592615618497,0.01572026918882429,64.50416068074222,2.8596229808642164,2.707155969028197,124.77462482355327,130.23423871101474,119.3150109360918,-0.05238458225811866,-0.508953165984456,0.003643782022323405,0.037907929790357286,0.07309320477702008,64.50416068074222,2.8596229808642164,0.01572026918882429,0.09669741828776368,0.0,0.0,0.0,0.0,1000.0,0.999999999999,0.0,0.0,0.0,0.0
2026-03-12,130.10451538925417,131.10451538925417,129.10451538925417,130.10451538925417,1000.0,-0.0014585879184436656,0.020309938621200896,0.06935153766436764,127.10219177848528,125.19651359826946,119.21974831841393,125.3501406893777,119.76783161630534,0.01575853024667325,62.14461242610454,2.9345083990383927,2.7526264550302364,125.19651359826946,130.94151701082717,119.45151018571177,-0.016979831116270275,-0.5394275535288593,-0.0014585879184436656,0.020309938621200896,0.06935153766436764,62.14461242610454,2.9345083990383927,0.01575853024667325,0.09130003396482382,0.0,0.0,0.0,0.0,1000.0,0.999999999999,0.0,0.0,0.0,0.0
2026-03-13,129.2885624251484,130.2885624251484,128.2885624251484,129.2885624251484,1000.0,-0.0062715191833624395,0.0310655449049293,0.060075210887354125,127.70028937474595,125.5628573054538,119.65466713176524,125.72522847373682,120.141193608809,0.015908320498664287,59.203944523905044,2.8946473546132836,2.781030634946846,125.5628573054538,131.3733862157819,119.75232839512572,0.06118667842415826,-0.6385328411567683,-0.0062715191833624395,0.0310655449049293,0.060075210887354125,59.203944523905044,2.8946473546132836,0.015908320498664287,0.08051416233262075,0.0,0.0,0.0,0.0,1000.0,0.999999999999,0.0,0.0,0.0,0.0
2026-03-14,128.01421280884006,129.01421280884006,127.01421280884006,128.01421280884006,1000.0,-0.009856630721268411,0.010483582605923303,0.07491761412332854,127.76790047880522,126.00896216370083,120.01415797038113,125.94322698184189,120.44993945979063,0.014972752432528116,60.797322083998374,2.728772238111887,2.7705789555798543,126.00896216370083,131.046278174116,120.97164615328566,0.21048754046507734,-0.5839080658692204,-0.009856630721268411,0.010483582605923303,0.07491761412332854,60.797322083998374,2.728772238111887,0.014972752432528116,0.066659258988149,0.0,0.0,0.0,0.0,1000.0,0.999999999999,0.0,0.0,0.0,0.0
2026-03-15,131.63368045642574,132.63368045642574,130.63368045642574,131.63368045642574,1000.0,0.02827395152591783,0.013958859156889547,0.0757386036906833,128.42867574583033,126.47235313629542,120.47459234443744,126.48517493180226,120.88851753809004,0.015039189552403817,63.3478335882911,2.8564484436448367,2.787752853192851,126.47235313629542,131.79558465866734,121.14912161392351,0.2226351868736128,-0.5762056111164364,0.02827395152591783,0.013958859156889547,0.0757386036906833,63.3478335882911,2.8564484436448367,0.015039189552403817,0.09262607073192482,0.0,0.0,0.0,0.0,1000.0,0.999999999999,0.0,0.0,0.0,0.0
2026-03-16,129.0668636461504,130.0668636461504,128.0668636461504,129.0668636461504,1000.0,-0.019499696440722136,-0.009422479361471114,0.049454236333541735,128.78178604433324,126.77645897324385,120.84847440731916,126.73105004745447,121.20923699330811,0.015905534059282456,56.6306864661358,2.7191672244404828,2.774035727442377,126.77645897324385,131.95370170859917,121.59921623788853,0.26305921493216744,-0.7891106620981245,-0.019499696440722136,-0.009422479361471114,0.049454236333541735,56.6306864661358,2.7191672244404828,0.015905534059282456,0.06800573428062655,0.0,0.0,0.0,0.0,1000.0,0.999999999999,0.0,0.0,0.0,0.0
2026-03-17,133.24613927123315,134.24613927123315,132.24613927123315,133.24613927123315,1000.0,0.03238070180848762,0.024146924282986593,0.0806735121008102,129.35493000488233,127.27380779823666,121.3116063433029,127.35153473543339,121.68127237675616,0.01724889801192723,67.43586199895236,2.9140125615440837,2.8020310942627185,127.27380779823666,132.93319791466192,121.6144176818114,0.2202444686764837,-1.0591255568545426,0.03238070180848762,0.024146924282986593,0.0806735121008102,67.43586199895236,2.9140125615440837,0.01724889801192723,0.09837915173638062,0.0,0.0,0.0,0.0,1000.0,0.999999999999,0.0,0.0,0.0,0.0
2026-03-18,129.7945633081921,130.7945633081921,128.7945633081921,129.7945633081921,1000.0,-0.025903759628000178,0.003913732766087863,0.04260794451354499,129.79507076415177,127.53902156246593,121.66066595308207,127.58420412331517,121.99944064857718,0.018430316815537116,54.39888985067792,2.7581216512653413,2.793249205663243,127.53902156246593,133.14608041279436,121.93196271213752,0.2510601453545139,-1.0917039332800411,-0.025903759628000178,0.003913732766087863,0.04260794451354499,54.39888985067792,2.7581216512653413,0.018430316815537116,0.06685724832527194,0.0,0.0,0.0,0.0,1000.0,0.999999999999,0.0,0.0,0.0,0.0
2026-03-19,131.2958765159389,132.2958765159389,130.2958765159389,131.2958765159389,1000.0,0.011566842011571543,0.025635151246832688,0.050600037445795554,130.2560495424866,127.85520165152896,122.02342665073631,127.93769673213649,122.36400676102275,0.018545936005493785,61.56368234884974,2.7243161893998007,2.779462602410555,127.85520165152896,133.5650664375867,122.14533686547121,0.18460675082161157,-1.17003895143482,0.011566842011571543,0.025635151246832688,0.050600037445795554,61.56368234884974,2.7243161893998007,0.018545936005493785,0.0759890958616235,0.0,0.0,0.0,0.0,1000.0,0.999999999999,0.0,0.0,0.0,0.0
2026-03-20,133.50458454767744,134.50458454767744,132.50458454767744,133.50458454767744,1000.0,0.01682237165666378,0.014212958908119466,0.08466768129937363,130.62435598313027,128.37626094975323,122.4689169783299,128.46787652409276,122.80089216442097,0.01831077564168351,63.83025219380267,2.842977323639275,2.792165546656299,128.37626094975323,134.15421373135567,122.59830816815078,-0.019195202147792252,-1.1381277846618394,0.01682237165666378,0.014212958908119466,0.08466768129937363,63.83025219380267,2.842977323639275,0.01831077564168351,0.0901099466014721,0.0,0.0,0.0,0.0,1000.0,0.999999999999,0.0,0.0,0.0,0.0
2026-03-21,133.19412881495475,134.19412881495475,132.19412881495475,133.19412881495475,1000.0,-0.00232543124848128,0.03197772884696137,0.06458253285644733,130.9143127183815,128.78026974827247,122.90819029893646,128.91799578988915,123.20847007228505,0.018129938086865558,60.46285634087704,2.8787811473004155,2.8094886667851227,128.78026974827247,134.72532061438764,122.83521888215729,0.13254554479363614,-1.0429946986537062,-0.00232543124848128,0.03197772884696137,0.06458253285644733,60.46285634087704,2.8787811473004155,0.018129938086865558,0.08368798280177435,0.0,0.0,0.0,0.0,1000.0,0.999999999999,0.0,0.0,0.0,0.0
2026-03-22,132.85295585795768,133.85295585795768,131.85295585795768,132.85295585795768,1000.0,-0.002561471440464591,-0.0029508052948169494,0.05821098656206036,131.18915676525185,129.1456742718686,123.28958304371201,129.29275389160998,123.58668520113497,0.01817691509277145,64.70749442602356,2.8468098769918697,2.816952908826472,129.1456742718686,135.15147432807495,123.13987421566222,0.18464186469344065,-1.055100217412075,-0.002561471440464591,-0.0029508052948169494,0.05821098656206036,64.70749442602356,2.8468098769918697,0.01817691509277145,0.07756837664685287,0.0,0.0,0.0,0.0,1000.0,0.999999999999,0.0,0.0,0.0,0.0
2026-03-23,134.24482819046523,135.24482819046523,133.24482819046523,134.24482819046523,1000.0,0.010476788593215103,0.034286989908091536,0.08869885496660723,131.68478334178354,129.69253635826473,123.71859168520777,129.76438001531048,124.00465159287342,0.017562799610708963,64.84464633883557,2.900351433879024,2.8336326138369827,129.69253635826473,135.44657753006624,123.93849518646321,0.03736105884132703,-0.8973802150409631,0.010476788593215103,0.034286989908091536,0.08869885496660723,64.84464633883557,2.900351433879024,0.017562799610708963,0.08508209123456204,0.0,0.0,0.0,0.0,1000.0,0.999999999999,0.0,0.0,0.0,0.0
2026-03-24,134.73773300739379,135.73773300739379,133.73773300739379,134.73773300739379,1000.0,0.003671685707171024,0.02621450560967964,0.05811011108531994,132.35713536163888,130.0625179202221,124.13497310380657,130.23803268122316,124.42555674638402,0.016253133486223276,60.77315807179218,2.9485675514928573,2.8566196013681577,130.0625179202221,136.12257908802493,124.00245675241926,0.03735602660863423,-0.6489148431416984,0.003671685707171024,0.02621450560967964,0.05811011108531994,60.77315807179218,2.9485675514928573,0.016253133486223276,0.08541315665034505,0.0,0.0,0.0,0.0,1000.0,0.999999999999,0.0,0.0,0.0,0.0
2026-03-25,136.86087947070482,137.86087947070482,135.86087947070482,136.86087947070482,1000.0,0.015757623465392,0.025139922605644793,0.09465997888670552,132.87985526306682,130.65426550444857,124.55684904576286,130.86877999450712,124.91321646106327,0.015694256278333315,63.4186912167425,3.1221096116368585,2.909717603421898,130.65426550444857,136.95025916745817,124.35827184143898,-0.1460596004069422,-0.43756589308757127,0.015757623465392,0.025139922605644793,0.09465997888670552,63.4186912167425,3.1221096116368585,0.015694256278333315,0.09878244768637819,0.0,0.0,0.0,0.0,1000.0,0.999999999999,0.0,0.0,0.0,0.0
2026-03-26,137.89079991600295,138.89079991600295,136.89079991600295,137.89079991600295,1000.0,0.007525309272315317,0.03526184782193531,0.09841848402252129,133.76224889005206,131.27201746719265,125.02231452905295,131.53754379655436,125.42214130243345,0.01570657937808619,65.38369866334929,3.304654912381551,2.9887050652138285,131.27201746719265,137.87064229491776,124.67339263946756,-0.18193795044959232,-0.4383331412703691,0.007525309272315317,0.03526184782193531,0.09841848402252129,65.38369866334929,3.304654912381551,0.01570657937808619,0.10292950850671272,0.0,0.0,0.0,0.0,1000.0,0.999999999999,0.0,0.0,0.0,0.0
2026-03-27,136.95183751175497,137.95183751175497,135.95183751175497,136.95183751175497,1000.0,-0.00680946375552216,0.030852769720680406,0.07400823489958963,134.13281871410425,131.7438743594933,125.43222084020108,132.05319081704965,125.8742862518186,0.01568991941952491,65.06742534485079,3.3351118660463044,3.057986425380324,131.7438743594933,138.55738610296248,124.93036261602413,0.01404406716276446,-0.4580805240098034,-0.00680946375552216,0.030852769720680406,0.07400823489958963,65.06742534485079,3.3351118660463044,0.01568991941952491,0.09183937423971696,0.0,0.0,0.0,0.0,1000.0,0.999999999999,0.0,0.0,0.0,0.0
2026-03-28,138.03228278204017,139.03228278204017,137.03228278204017,138.03228278204017,1000.0,0.007889235295528207,0.028213039136236517,0.10079598838088932,134.9565906614891,132.37583071282043,125.90887137558444,132.62262814704874,126.35107042947435,0.014958721959397878,69.84873788359937,3.407156545139202,3.1278204493321,132.37583071282043,139.0524009379982,125.69926048764268,-0.10960911606915959,-0.06706207938675501,0.007889235295528207,0.028213039136236517,0.10079598838088932,69.84873788359937,3.407156545139202,0.014958721959397878,0.0962871898850993,0.0,0.0,0.0,0.0,1000.0,0.999999999999,0.0,0.0,0.0,0.0
2026-03-29,134.9783365900368,135.9783365900368,133.9783365900368,134.9783365900368,1000.0,-0.022124869128084312,0.0017857179074685092,0.06545507829947694,135.32483666889885,132.79044310569276,126.27736157051032,132.84698133209523,126.68939459263368,0.01606107429027651,56.77865044152994,3.1811541724722474,3.1384871939601293,132.79044310569276,138.99232069369376,126.58856551769178,-0.032158039250683314,-0.4469550322918985,-0.022124869128084312,0.0017857179074685092,0.06545507829947694,56.77865044152994,3.1811541724722474,0.01606107429027651,0.0689036808438475,0.0,0.0,0.0,0.0,1000.0,0.999999999999,0.0,0.0,0.0,0.0
2026-03-30,135.87935160899343,136.87935160899343,134.87935160899343,135.87935160899343,1000.0,0.00667525650203582,-0.0071717196726145405,0.04666276793833468,135.56231337503044,133.09333467908036,126.67471332773988,133.13577850132364,127.04978506386348,0.01527998299310065,64.80672137071224,3.0397101592457147,3.1187317870172464,133.09333467908036,139.2763775808942,126.91029177726651,-0.0011548541828430771,-0.0741585980323563,0.00667525650203582,-0.0071717196726145405,0.04666276793833468,64.80672137071224,3.0397101592457147,0.01527998299310065,0.07266358091031265,0.0,0.0,0.0,0.0,1000.0,0.999999999999,0.0,0.0,0.0,0.0
2026-03-31,136.74501561845616,137.74501561845616,135.74501561845616,136.74501561845616,1000.0,0.006370828232635128,-0.008309360002587196,0.04950670299368798,135.9174020553806,133.41585738688107,127.0465952955205,133.479515369622,127.42999018365143,0.015303875056417155,58.884409264003914,2.9633074469684004,3.0876469190074776,133.41585738688107,139.6568731100639,127.17484166369825,-0.02985457107232733,-0.09475936585119399,0.006370828232635128,-0.008309360002587196,0.04950670299368798,58.884409264003914,2.9633074469684004,0.015303875056417155,0.0763375067257806,0.0,0.0,0.0,0.0,1000.0,0.999999999999,0.0,0.0,0.0,0.0
2026-04-01,141.22238422234963,142.22238422234963,140.22238422234963,141.22238422234963,1000.0,0.03274246292373939,0.03118283615747841,0.08545336647104351,136.75434489181978,133.97175082853582,127.54847746714877,134.21693145083415,127.97086838124744,0.01668337430945626,77.58092036546336,3.226846892110558,3.115486913628094,133.97175082853582,140.91225501178343,127.0312466452882,-0.017866646897101768,-0.4012664746657911,0.03274246292373939,0.03118283615747841,0.08545336647104351,77.58092036546336,3.226846892110558,0.01668337430945626,0.10720556628059703,0.0,0.0,0.0,0.0,1000.0,0.999999999999,0.0,0.0,0.0,0.0
2026-04-02,138.36829781803934,139.36829781803934,137.36829781803934,138.36829781803934,1000.0,-0.02020987267724239,0.0024343220964457846,0.07022845039481074,137.1666918545772,134.42573759818038,127.95814750230035,134.61229967628228,128.37861071210204,0.01742042848349745,66.022943944713,3.168874073093349,3.1261643455211447,134.42573759818038,141.263490908458,127.58798428790273,-0.03109883958861923,-0.6481598724025619,-0.02020987267724239,0.0024343220964457846,0.07022845039481074,66.022943944713,3.168874073093349,0.01742042848349745,0.08135590049449946,0.0,0.0,0.0,0.0,1000.0,0.999999999999,0.0,0.0,0.0,0.0
2026-04-03,138.71447039261486,139.71447039261486,137.71447039261486,138.71447039261486,1000.0,0.0025018199980371136,0.027679506926549413,0.08358648113356892,137.5643655930993,134.96075047736912,128.41530700138733,135.0029826016473,128.7839385427104,0.017136987281220598,62.89120472752987,3.1149561544779942,3.123922707312515,134.96075047736912,141.34570709541052,128.57579385932772,-0.12497147686595024,-0.4675391163014349,0.0025018199980371136,0.027679506926549413,0.08358648113356892,62.89120472752987,3.1149561544779942,0.017136987281220598,0.08020199173791684,0.0,0.0,0.0,0.0,1000.0,0.999999999999,0.0,0.0,0.0,0.0
2026-04-04,140.16942155882995,141.16942155882995,139.16942155882995,140.16942155882995,1000.0,0.010488820395572418,0.031572640721613254,0.06484465885028401,137.89521980191182,135.38753753248932,128.85980602669198,135.49502440709327,129.2304280727543,0.016258831154586904,66.33433410796,3.1532791756087306,3.129794000971758,135.38753753248932,141.9740365309591,128.80103853401954,-0.1511425798228209,-0.16150862370669705,0.010488820395572418,0.031572640721613254,0.06484465885028401,66.33433410796,3.1532791756087306,0.016258831154586904,0.08776682101870875,0.0,0.0,0.0,0.0,1000.0,0.999999999999,0.0,0.0,0.0,0.0
2026-04-05,137.77128951523147,138.77128951523147,136.77128951523147,137.77128951523147,1000.0,-0.01710881030205269,0.007505018681184028,0.06744121320670748,137.8832687618347,135.82275882594337,129.2623841850325,135.7118115602493,129.56536381559656,0.016090508520872935,60.505404456229975,2.9560655485083203,3.0950483104790707,135.82275882594337,141.7700245696058,129.87549308228094,-0.13378077517918366,-0.1173207219369651,-0.01710881030205269,0.007505018681184028,0.06744121320670748,60.505404456229975,2.9560655485083203,0.016090508520872935,0.06582661602429594,0.0,0.0,0.0,0.0,1000.0,0.999999999999,0.0,0.0,0.0,0.0
2026-04-06,137.46845482381968,138.46845482381968,136.46845482381968,137.46845482381968,1000.0,-0.0021980972412856126,-0.026581688301052342,0.03168808924355915,137.93493049304115,136.0338746035727,129.62251834666685,135.87911091868457,129.87528895317394,0.014600389929731936,57.221531353095564,2.743708337664515,3.0247803159161597,136.0338746035727,141.8951715002761,130.17257770686933,-0.24342859075139328,0.12904597841202822,-0.0021980972412856126,-0.026581688301052342,0.03168808924355915,57.221531353095564,2.743708337664515,0.014600389929731936,0.0605291162150458,0.0,0.0,0.0,0.0,1000.0,0.999999999999,0.0,0.0,0.0,0.0
2026-04-07,139.72297921982562,140.72297921982562,138.72297921982562,139.72297921982562,1000.0,0.016400303610710765,0.009790403026911143,0.07649331111087365,138.1040001368197,136.53029539915437,129.9942456892595,136.24519361403134,130.2614728851995,0.013412661707980448,60.350922029617436,2.7259123740048494,2.965006727533898,136.53029539915437,141.8205470404077,131.24004375790105,-0.25899464211272916,0.4239160786394096,0.016400303610710765,0.009790403026911143,0.07649331111087365,60.350922029617436,2.7259123740048494,0.013412661707980448,0.07483972447324343,0.0,0.0,0.0,0.0,1000.0,0.999999999999,0.0,0.0,0.0,0.0
2026-04-08,140.29393597581853,141.29393597581853,139.29393597581853,140.29393597581853,1000.0,0.004086348281298946,0.011386451454798996,0.06853268890578845,138.63556007539788,136.98019837214835,130.3849889576494,136.63078812467774,130.65490281032183,0.013287736794013408,57.6192008972406,2.7264515468406785,2.917295691395254,136.98019837214835,141.91460426450826,132.04579247978845,-0.18429442044973676,0.5343803187547029,0.004086348281298946,0.011386451454798996,0.06853268890578845,57.6192008972406,2.7264515468406785,0.013287736794013408,0.0759976059921413,0.0,0.0,0.0,0.0,1000.0,0.999999999999,0.0,0.0,0.0,0.0
2026-04-09,140.1680456570458,141.1680456570458,139.1680456570458,140.1680456570458,1000.0,-0.0008973325746197691,-9.815991026007609e-06,0.04991185233034967,139.0644294802031,137.3133714276168,130.7825707245927,136.96766979442708,131.02796723568355,0.012931902954746511,55.26532024673525,2.6857607702505106,2.8709887071663056,137.3133714276168,142.15870798824392,132.46803486698968,-0.03867032992858336,0.866939474211493,-0.0008973325746197691,-9.815991026007609e-06,0.04991185233034967,55.26532024673525,2.6857607702505106,0.012931902954746511,0.07176395815116432,0.0,0.0,0.0,0.0,1000.0,0.999999999999,0.0,0.0,0.0,0.0
2026-04-10,140.11401460223837,141.11401460223837,139.11401460223837,140.11401460223837,1000.0,-0.00038547341196182305,0.01700445060251754,0.05195338449863174,139.40132937858132,137.65936571698097,131.15645875989,137.2673216808853,131.3842828186857,0.012900903775659278,57.62337091045603,2.618963402222306,2.8205836461775062,137.65936571698097,142.2476416655594,133.07108976840254,-0.061585160051628444,0.9100149909774493,-0.00038547341196182305,0.01700445060251754,0.05195338449863174,57.62337091045603,2.618963402222306,0.012900903775659278,0.06829671925405366,0.0,0.0,0.0,0.0,1000.0,0.999999999999,0.0,0.0,0.0,1.0
2026-04-11,143.35926692844058,144.35926692844058,142.35926692844058,143.35926692844058,1000.0,0.023161511255065825,0.04285210095778402,0.07908225302654093,139.6150176491904,138.1846812705051,131.5903093005602,137.8475069425572,131.8538900386761,0.013619907328836372,61.628519318062416,2.7956640726411592,2.815599731470237,138.1846812705051,142.86085787624737,133.50850466476285,-0.16410302390102524,0.4179978689277998,0.023161511255065825,0.04285210095778402,0.07908225302654093,61.628519318062416,2.7956640726411592,0.013619907328836372,0.08943635508075248,0.0,0.0,0.0,0.0,1000.0,0.999999999999,0.0,0.0,0.0,1.0
2026-04-12,143.93893725760728,144.93893725760728,142.93893725760728,143.93893725760728,1000.0,0.0040434800036752705,0.030173691266264235,0.07221216040731293,140.17208159314723,138.66938672386223,132.0298542800831,138.42764316303817,132.32781345902634,0.013532109488837341,71.92941644232225,2.9484868569468006,2.84217715656555,138.66938672386223,143.6272452061836,133.71152824154086,-0.09477841334879787,0.5018863497313961,0.0040434800036752705,0.030173691266264235,0.07221216040731293,71.92941644232225,2.9484868569468006,0.013532109488837341,0.09019992517881982,0.0,0.0,0.0,0.0,1000.0,0.999999999999,0.0,0.0,0.0,1.0
2026-04-13,141.30611875699438,142.30611875699438,140.30611875699438,141.30611875699438,1000.0,-0.01829121814273893,0.007214729376117335,0.04874941564617363,140.43124642958517,138.99780601134222,132.474134342345,138.7017836957959,132.67990386286823,0.014388267941677682,62.24321056458832,2.8245934103345576,2.8386604073193515,138.99780601134222,143.72385886026814,134.2717531624163,-0.0292900186415386,-0.050913644354025955,-0.01829121814273893,0.007214729376117335,0.04874941564617363,62.24321056458832,2.8245934103345576,0.014388267941677682,0.0666695008684393,0.0,0.0,0.0,0.0,1000.0,0.999999999999,0.0,0.0,0.0,1.0
2026-04-14,144.555917987959,145.555917987959,143.555917987959,144.555917987959,1000.0,0.022998290941337984,0.031304369768050844,0.05622525989175231,140.86989607249808,139.38255793720492,132.91793548201352,139.25932029504955,133.14562990698946,0.014824399365797401,65.91042723681826,2.9545800399849895,2.8618443338524795,139.38255793720492,144.6031539222771,134.16196195213274,0.004827012896623839,-0.23055632593627967,0.022998290941337984,0.031304369768050844,0.05622525989175231,65.91042723681826,2.9545800399849895,0.014824399365797401,0.08755765325163939,0.0,0.0,0.0,0.0,1000.0,0.999999999999,0.0,0.0,0.0,1.0
2026-04-15,144.09743429801046,145.09743429801046,143.09743429801046,144.09743429801046,1000.0,-0.003171670149033412,0.028429844845145436,0.04501122907248578,141.50251055077598,139.69288965630534,133.34018922983006,139.7200930572363,133.57511243212753,0.014839532745526617,57.002887750971766,2.9861767911968684,2.8867108253213574,139.69288965630534,145.26609733464767,134.119681977963,0.11927673992169974,-0.23225731281819903,-0.003171670149033412,0.028429844845145436,0.04501122907248578,57.002887750971766,2.9861767911968684,0.014839532745526617,0.0806751897551168,0.0,0.0,0.0,0.0,1000.0,0.999999999999,0.0,0.0,0.0,1.0
2026-04-16,146.19741912723416,147.19741912723416,145.19741912723416,146.19741912723416,1000.0,0.0145733672459476,0.019797479853257638,0.06750973030709151,142.3754069811174,140.15516873707926,133.79815435694724,140.33698125437897,134.07010485154348,0.014918144040779615,69.79700238803599,3.144421733181929,2.938253006893472,140.15516873707926,146.27776804717274,134.0325694269858,-0.07606903692908251,-0.2938816694379433,0.0145733672459476,0.019797479853257638,0.06750973030709151,69.79700238803599,3.144421733181929,0.014918144040779615,0.09267141859905961,0.0,0.0,0.0,0.0,1000.0,0.999999999999,0.0,0.0,0.0,1.0
2026-04-17,140.9492576707616,141.9492576707616,139.9492576707616,140.9492576707616,1000.0,-0.035897770889547265,-0.02077047144995281,0.021132555587213497,142.498034826211,140.30101748151534,134.12733374989034,140.39529329403447,134.33987555033636,0.01725165264346242,54.52835423204473,2.8139121928170425,2.913384844078186,140.30101748151534,146.34921079702124,134.25282416600945,-0.31483887769994107,-0.11481434877531255,-0.035897770889547265,-0.02077047144995281,0.021132555587213497,54.52835423204473,2.8139121928170425,0.01725165264346242,0.05086154872459748,0.0,0.0,0.0,0.0,1000.0,0.999999999999,0.0,0.0,0.0,1.0
2026-04-18,142.74661432240475,143.74661432240475,141.74661432240475,142.74661432240475,1000.0,0.012751799344992154,0.010194148548426263,0.05755203337526793,142.74330266086966,140.68943136813374,134.48282054164486,140.61922863006973,134.66955158061356,0.01651823952542781,55.15069836372718,2.66627747451048,2.8639633701646448,140.68943136813374,146.2787210584821,135.1001416777854,-0.5274808761847491,0.44901328991536604,0.012751799344992154,0.010194148548426263,0.05755203337526793,55.15069836372718,2.66627747451048,0.01651823952542781,0.06144869469137455,0.0,0.0,0.0,0.0,1000.0,0.999999999999,0.0,0.0,0.0,1.0
2026-04-19,146.10913440828946,147.10913440828946,145.10913440828946,146.10913440828946,1000.0,0.023555865768488227,0.010744744607826151,0.07528577873062914,143.337411535994,141.20092050809856,134.9433352581468,141.142076799424,135.11816267189496,0.01713919282030282,66.04524985717802,2.7884595399589784,2.8488626041235117,141.20092050809856,146.80908461994488,135.59275639625224,-0.5352050780728124,0.16325173470137516,0.023555865768488227,0.010744744607826151,0.07528577873062914,66.04524985717802,2.7884595399589784,0.01713919282030282,0.08274435435214153,0.0,0.0,0.0,0.0,1000.0,0.999999999999,0.0,0.0,0.0,1.0
2026-04-20,147.4163480770395,148.4163480770395,146.4163480770395,147.4163480770395,1000.0,0.008946830559526386,0.023032427990113513,0.07803818230829207,144.06764488347412,141.73448713102772,135.3893831627962,141.73962644491118,135.6004444524889,0.017169373932285188,68.43112860141113,2.9566880657809236,2.870427696454994,141.73448713102772,147.58305388317055,135.8859203788849,-0.555998147666155,0.1579894936613584,0.008946830559526386,0.023032427990113513,0.07803818230829207,68.43112860141113,2.9566880657809236,0.017169373932285188,0.0888324079273843,0.0,0.0,0.0,0.0,1000.0,0.999999999999,0.0,0.0,0.0,1.0
2026-04-21,145.85946788369884,146.85946788369884,144.85946788369884,145.85946788369884,1000.0,-0.010561109494633736,-0.0023116088201338147,0.03283533050998688,144.31766497899994,141.9663413140952,135.79567521274944,142.1319922962243,136.00275909685007,0.016034222024487167,61.671201244103045,2.930601019981424,2.88246236116028,141.9663413140952,148.0905868587703,135.84209576942007,-0.6128014096357254,0.05396907047137206,-0.010561109494633736,-0.0023116088201338147,0.03283533050998688,61.671201244103045,2.930601019981424,0.016034222024487167,0.07410981723172307,0.0,0.0,0.0,0.0,1000.0,0.999999999999,0.0,0.0,0.0,1.0
2026-04-22,147.192192078216,148.192192078216,146.192192078216,147.192192078216,1000.0,0.00913704275666083,0.044292070143689966,0.06377106894659135,144.6429904610608,142.40753602710402,136.27336732506294,142.6139160849854,136.441560390237,0.01524315965694937,62.75056471481648,2.9830794694734095,2.9025857828229062,142.40753602710402,148.7091793432409,136.10589271096714,-0.8538816608287929,0.883114342171565,0.00913704275666083,0.044292070143689966,0.06377106894659135,62.75056471481648,2.9830794694734095,0.01524315965694937,0.08012442172231256,0.0,0.0,0.0,0.0,1000.0,0.999999999999,0.0,0.0,0.0,1.0
2026-04-23,146.93715010498403,147.93715010498403,145.93715010498403,146.93715010498403,1000.0,-0.0017327140090179771,0.029356463566376556,0.059277735690413946,145.20609359585978,142.8186700127225,136.6653482917977,143.0256526583186,136.8531521437565,0.015282822831660289,62.45239114312162,2.9698546275415367,2.9160395517666324,142.8186700127225,149.17847656604306,136.45886345940193,-0.8030365327253188,0.7816197921575047,-0.0017327140090179771,0.029356463566376556,0.059277735690413946,62.45239114312162,2.9698546275415367,0.015282822831660289,0.07516025050607256,0.0,0.0,0.0,0.0,1000.0,0.999999999999,0.0,0.0,0.0,1.0
2026-04-24,144.6531807339222,145.6531807339222,143.6531807339222,144.6531807339222,1000.0,-0.0155438523847099,-0.009964836765774865,0.03198814067453637,145.2158198704561,143.04285797147708,137.05789335075264,143.1806553321856,137.15903561788065,0.015713510957981517,57.71707782480064,2.7434518001023207,2.8815220014337704,143.04285797147708,149.32509055364443,136.76062538930972,-0.5643949152876266,0.17566712898461623,-0.0155438523847099,-0.009964836765774865,0.03198814067453637,57.71707782480064,2.7434518001023207,0.015713510957981517,0.05541663597350512,0.0,0.0,0.0,0.0,1000.0,0.999999999999,0.0,0.0,0.0,1.0
2026-04-25,146.23933145481953,147.23933145481953,145.23933145481953,146.23933145481953,1000.0,0.010965197673841187,-0.007984301860502252,0.06146448922256664,145.430009586137,143.46626006845648,137.4719647666266,143.4719578200555,137.51512565070178,0.015190740121346838,55.18916052209161,2.6613368013528316,2.8374849614175828,143.46626006845648,149.38337603655071,137.54914410036224,-0.8094448556436085,0.8536876544939795,0.010965197673841187,-0.007984301860502252,0.06146448922256664,55.18916052209161,2.6613368013528316,0.015190740121346838,0.06377567021037858,0.0,0.0,0.0,0.0,1000.0,0.999999999999,0.0,0.0,0.0,1.0
2026-04-26,148.11100048239499,149.11100048239499,147.11100048239499,148.11100048239499,1000.0,0.012798670569372117,0.01543631436041859,0.07741809327976257,145.6213677216531,143.99838735138525,137.88389078295964,143.913771406945,137.93065015390545,0.015285443935149802,57.182618414965354,2.715979994830292,2.813183968100125,143.99838735138525,149.54711880261652,138.44965590015397,-0.9407665511195544,0.9647186578312094,0.012798670569372117,0.01543631436041859,0.07741809327976257,57.182618414965354,2.715979994830292,0.015285443935149802,0.07417189666818635,0.0,0.0,0.0,0.0,1000.0,0.999999999999,0.0,0.0,0.0,1.0
2026-04-27,148.9592119769172,149.9592119769172,147.9592119769172,148.9592119769172,1000.0,0.005726863580420183,0.012004848040867655,0.06610389220630819,146.42236315226864,144.4601989892398,138.35521190818804,144.39428955646616,138.3631427744157,0.015007894189630033,64.0381657314982,2.79550386968387,2.8096479484168744,144.4601989892398,150.04797257668596,138.87242540179366,-0.9094573064304889,1.1016941416942638,0.005726863580420183,0.012004848040867655,0.06610389220630819,64.0381657314982,2.79550386968387,0.015007894189630033,0.07664330040337977,0.0,0.0,0.0,0.0,1000.0,0.999999999999,0.0,0.0,0.0,1.0
2026-04-28,150.08283107454778,151.08283107454778,149.08283107454778,150.08283107454778,1000.0,0.00754313266509965,0.021408343412923303,0.06977418539612779,147.15598482748294,144.94964374417629,138.82314675502718,144.93605541533108,138.82273839402873,0.015037143367487456,60.99577440778939,2.9155847381729245,2.8308353063680847,144.94964374417629,150.71296489222237,139.1863225961302,-0.9411824684807654,1.1185085866082405,0.00754313266509965,0.021408343412923303,0.06977418539612779,60.99577440778939,2.9155847381729245,0.015037143367487456,0.0811081190898862,0.0,0.0,0.0,0.0,1000.0,0.999999999999,0.0,0.0,0.0,1.0
2026-04-29,152.1484296360877,153.1484296360877,151.1484296360877,152.1484296360877,1000.0,0.013763057018253644,0.05181530654311994,0.08547157751171586,147.75991435026276,145.54866294312836,139.2696849449241,145.6229481982603,139.3453145211683,0.015168968569462994,65.05472308440257,3.1412162470188036,2.8929114944982284,145.54866294312836,151.69696598072662,139.4003599055301,-1.0584708309830053,1.2069106883571092,0.013763057018253644,0.05181530654311994,0.08547157751171586,65.05472308440257,3.1412162470188036,0.015168968569462994,0.09247342446537585,0.0,0.0,0.0,0.0,1000.0,0.999999999999,0.0,0.0,0.0,1.0
2026-04-30,151.7143759257827,152.7143759257827,150.7143759257827,151.7143759257827,1000.0,-0.002852830695283526,0.03743893258055997,0.08279229851828829,148.1897171351371,146.1286810093056,139.69808123419094,146.20308417231004,139.8303757527218,0.015218340880812628,61.00171365614913,3.247570366836527,2.9638432689658885,146.1286810093056,152.306909992533,139.9504520260782,-1.0254284338659412,1.106766683247457,-0.002852830695283526,0.03743893258055997,0.08279229851828829,61.00171365614913,3.247570366836527,0.015218340880812628,0.08601617563638207,0.0,0.0,0.0,0.0,1000.0,0.999999999999,0.0,0.0,0.0,1.0
